name	id
אייל גולן	92
אליעד	16155
אריק איינשטיין	166
אביתר בנאי	41
אביב גפן	34
אהוד מנור	58
ארקדי דוכין	173
אהוד בנאי	57
אריק ברמן	5099
איציק קלה	1675
אתניקס	176
אסף אמדורסקי	150
אתי אנקרי	175
איה כורם	4517
אלון דה לוקו	5056
אריאל זילבר	162
אפרת גוש	3078
אלון אולארצ'יק	122
אחינועם ניני	87
אריק לביא	168
איפה הילד	110
אבי טולדנו	30
איציק שמלי	3396
אריק סיני	169
ארז לב ארי	6145
אוהד חיטמן	2936
אהובה עוזרי	1853
אבי פרץ	32
איגי וקסמן	90
אלי לוזון	130
אברהם טל	7335
אביהו מדינה	37
אסתר לנואל	4821
אפרים שמיר	157
אופיר כהן	6098
אושרי כהן	4647
אודי דוידי	6934
אבי סינואני	31
איתן מסורי	119
אברהם פריד	2344
אבי ביטר	1145
אורי פיינמן	74
אוסנת פז	149
אושיק לוי	85
אבי גואטה	1403
אינפקציה	109
אילנה אביטל	104
אורי בנאי	68
אריאל הורוביץ	161
אמיר פיי גוטמן	143
אבטיפוס	28
אריאלה עדוי	4718
אסתר עופרים	154
אורלי זילברשץ	78
אניה בוקשטיין	6736
אלג'יר	3236
אילן נורי	4449
איתי לוי	15629
אבנר גדסי	42
אורה זיטנר	66
אסתר שמיר	155
אביטל	1270
בית הבובות	4169
ברי סחרוף	202
בועז שרעבי	183
בועז מעודה	8973
בנזין	187
בוטן מתוק בקרקס	2126
בן סנוף	10331
בן ארצי	186
בטי	2786
בועז בנאי	7181
ביט 69	7094
בועז עופרי	182
בני אמדורסקי	1184
בני ברמן	188
בני אלבז	2849
בצל ירוק	195
בני בשן	1764
בר כהן	1698
בוב דילן	179
בום פם	6907
בוסקילז	1172
בן ישראלי	5853
ברכה צפירה	7125
בלאגן	184
ברק פלדמן	1921
בנות פסיה	4132
בויאקה	2453
בומבה צור	1490
בנות יעקב	4286
בוריס סלטנוב	2904
בובי פנחסי	2510
בועז טביב	3424
בשורות טובות	7661
בין השמשות	3267
בונא מיוזיק	7570
באגו דאגו	6707
בני אל	3904
בייב	2451
ברוך פרידלנד	200
ביקיני	5045
בריו חקשור	4636
ביגי	1203
בן בונוס	5121
ברוש	6949
בן	9345
בני שמעוני	190
בילי ג'ואל	5050
ברק כהן	3980
בני נגרי	189
בתרי זוזי	3135
בראש צעיר	7726
"בלאגן בע""מ"	6249
ברוריה שוייצר	2129
בלו בנד	4421
בצל ירוק 80	9149
ברטולד ברכט	201
בני נדלר	2613
בצלאל אלוני	196
בטי קליין	6739
בן אופק	3755
גידי גוב	225
גלי עטרי	268
גיים בויז	4876
ג'קו אייזנברג	6386
גזוז	223
גבי שושן	218
ג'ירפות	1530
גלעד שגב	1535
גילת הלל	7838
גילי ארגוב	263
ג'קי מייקה	3350
ג'קי אלקיים	2209
גיא גמזו	7571
גבי ברלין	217
ג'וני שועלי	207
ג'ו עמר	2051
גני תמיר	3091
גיא יעקובי	9824
גד אלבז	4457
גאיה	216
גיא זוארץ	3573
גרי אקשטיין	270
גליקריה	1098
ג'וזי כץ	206
גידי שמור	1958
ג'ולייטה	2360
ג'קי מקייטן	215
ג'נגו	213
גבריאל בלחסן	3237
גלעד כהנא	269
גל גדות	7237
גליה ירון	5296
גיא מר	1631
גאולה גיל	1354
גלית גיאת	3286
גבע אלון	5488
גילה אדרי	1857
ג'ורג' בר	3697
גן חיות	1050
ג'ינג'יות	211
גיא אריאלי	2561
גיא שרפי	2898
גל סינואני	8315
גוסטו	7629
גיתית שובל	266
גל טמיר	4072
גלעד ויטל	1314
גיא הררי	4302
גדי רוה	5343
גלעד אליהו	7482
גמדי הלילה	5047
גד אקוקה	9556
גבריאל חסון	2467
גדי אלטמן	2127
גל חיים	9917
גבי שטרית	1695
ג'קי אליהו	9612
גידי קורן	258
גיא יהוד	3761
גליה צור	5060
דור דניאל	4091
דודו אהרון	4592
דנה אינטרנשיונל	306
דודו טסה	1321
דקלון	326
דניאל סלומון	319
דיויד ברוזה	301
דין דין אביב	2724
דני רובס	316
דנידין	3554
דניאל בן חיים	9006
דנה ברגר	307
דני סנדרסון	314
דורון מזר	294
דניאל זילברשטיין	6006
דפנה ארמוני	322
דנה עדיני	7665
דורון מירן	2163
דפנה דקל	323
דני ליטני	311
דוד ד'אור	277
דנה פרידר	9540
דן תורן	305
דודי לוי	290
דנה לפידות	3525
דוד אבידן	276
דורית ראובני	299
דיימונדז	3783
דתיה בן דור	1743
דודו פישר	289
דודו זכאי	1082
דן אלמגור	303
דניאל	6962
דני בסן	308
דליה רביקוביץ'	302
דיג דיג דוג	1357
דיקלה	3660
דבק	4130
דורי בן זאב	296
דוד בודה	7226
דודו אלהרר	286
דניאלה פיק	3540
דני שושן	318
דורית פרקש	297
דודו זר	2751
דודה	285
דודו ברק	287
דידי ארז	1531
דני גרנות	309
דנה דבורין	2513
דן פלד	8982
דני גלבוע	3538
דורון מדלי	4165
דורין כהן	4089
דובי זלצר	275
דורון מור	5764
דגנית דדו	3646
דונטלה	5752
דליה פרידלנד	2813
דידי שחר	3859
הפרויקט של עידן רייכל	1333
הראל מויאל	3962
היהודים	341
הראל סקעת	3963
הדג נחש	333
הפיל הכחול	9742
הכל עובר חביבי	343
הגבעטרון	332
התקווה 6	5629
הגשש החיוור	1096
הופה היי	335
הדודאים	334
הדורבנים	1991
החברים של נטאשה	338
הבנות נחמה	5582
היי פייב	1312
הכבש השישה עשר	342
הפרברים	349
הפיג'מות	2400
החלונות הגבוהים	339
התיירים	10687
הילה זיתון	8074
הנרי	3560
התבלינים	4278
המכשפות	345
הבילויים	2353
הדר עוזרי	4756
הצל	469
התרנגולים	352
הלהקה	1574
הרצל קביליו	4650
החדשות	8827
הילד	1557
העברית	5659
המושבה	10361
הישראלים	3413
המשולש	1515
הנשמות הטהורות	347
הברירה הטבעית	331
השבט	4845
הבליינים	2073
הצ'אקרה השמינית	3853
השלושרים	350
הילה הררי	3978
הצ'יזבטרון	1791
הקומדי סטור	1325
הקרטל	9909
המשפחה	4854
השיבולים	5300
האנשים	3550
המורדים הישראלים	2014
השמחות	1504
הקול זורם	1070
הדרה לוין	5102
הקליק	2396
המדרגות	2523
האחים צנחני	3970
המאמות	10271
המהפכה	5696
השוונג של הפיתה	1378
ורד קלפטר	360
ורדינה כהן	1750
ורדה זמיר	6424
ורד הררי	4327
ולדימיר ויסוצקי	358
ויליאם שייקספיר	2006
ורד גובר	3816
ויסלבה שימבורסקה	4810
וולט ויטמן	355
ואן מוריסון	2242
וורדל גריי	4723
ורד שילוני	2113
ויקטור הרדיה	2955
ואסילי סולוביוב סדוי	354
ויקי תבור	5207
וירג'יניה	6912
ונוס	272
ורדינה שלונסקי	1595
ווילבור שוואנדט	4139
ויניסאוס דה מוראס	356
ורד כהן	1230
וסיליס קרס	4459
ולדימיר פרודניקוב	2368
ורדה שוורץ	3364
וסנה בולר	6968
ויק	9669
וג'ליס גואופס	9748
ורדית ספדיה	6877
וילמס ריזנלשה קלוד	9678
וולה קרוז טורס	8738
ויקטור טמנוב	6978
ואלדן קאסוטו	10221
ויליאם מרדית	855
וונדי בירנבוים	4766
וסילי לבדייב קומאץ'	4657
ולדימיר זכרוב	9070
ולדיסלב שלנגל	2015
ויליאם הולט	1868
וסילי פאבלוביץ'	1639
ויקטור אזוס	357
ולנטיין קרוצ'ניון	1566
ולדי בלייברג	10764
וירה מאטסון	2256
ויקטור ליברסקי	4773
ויקטוריה חנה	8395
וסקו פופה	359
וילי הרטמאייר	3077
ורדה גלבוע	3313
וויין שנקלין	5286
ווקסלר ג'רלד	10735
ורדה גרנות	1434
ורד דקל	5759
וו.ה. אודן	5245
ורה קריגל	4875
ואסילי אלפרוב	353
ויקטור ויצמן	2162
ורדי אורלי	18348
ולנדיס אבגניקוס	12534
ורטיגו	13622
ונה עידו	20419
זוהר ארגוב	373
זהבה בן	372
זקני צפת	380
זאב טנא	370
זבל	4708
זאב נחמה	371
זלדה מישקובסקי	2540
זאב רווח	1251
זיו רובינשטיין	2415
זהבית פסי	6890
זולה ממברס	3928
ז'אק ברל	364
זהרירה חריפאי	1038
זוהר צברי	3785
זאב חבצלת	368
זיו יונתן	7923
זרובבלה ששונקין	2251
זאב ז'בוטינסקי	1053
זוהר בן שטרית	6528
זוהר ישי	4476
ז'ק מיראז'	4309
זיוה לוי	10430
זיו גולנד	1854
ז'אק פרוור	2436
ז'אן קלבה	363
ז'אן פול זימבריס	3202
זיוה אביבי	3748
זהבית עקירב	10688
זיו שחר	4890
זיו הימלפרב	2220
זרובבל גלעד	1582
זמירה חן	379
זיו סידי	1894
זיו קוז'וקרו	4237
זבוב עם גרוב	6188
זולפו לואנלי	3899
זיו טל	8930
זולו	4301
זלמן חן	377
זזי שביט	4505
זוהר לוי	1077
זוהר לסקוב	374
זוהר עמרני	9231
זליקו זוקסימוביץ'	7402
זאב זהבי	9324
ז'אן אמיל לסיה	9679
ז'אן וילאר	10239
זאב גינצבורג	6793
ז'אק לנדסמן	9008
ז'אק רבו	6511
זאב רביב	9074
ז. רבינוביץ	1585
זוהר פרסקו	7697
ז'ראר ז'ואנסט	366
ז'איר רודריגז	361
זאב התשבי	3182
ז'אק פלנטה	4397
זלמן שניאור	378
זאב חפץ	369
זיקו גרציאני	1984
חוה אלברשטיין	383
חיים משה	399
חן אהרוני	8985
חמי רודנר	409
חיים ישראל	3369
חנן יובל	419
חובבי ציון	7372
חני נחמיאס	1849
חגית קליש	3118
חיים נחמן ביאליק	400
חיים חפר	396
חיה ארד	5233
חמסה 2	4712
חובבות ציון	7710
חיים גורי	395
חנוך לוין	416
חופית	4047
חבורת שהם	1640
חנה גולדברג	414
חנן ילד הפלא	10545
חיים אל	1437
חזי פרץ	5021
חן בניאן	4336
חמסה	412
חדוה עמרני	2018
חנן	3681
חיים אוליאל	1541
חיים צינוביץ'	401
חן קליין	7297
חבורת ילדים	8212
חיה סמיר	6191
חני ליבנה	417
חיים טופול	397
חבורת עולם קטן	1974
חנה לסלאו	3471
חמוטל בן זאב	407
חנה אהרוני	2597
חופים	1344
חוה דולב	2589
חלוצי החלל	406
חופני כהן	4698
חבורת רננים	2315
חבורת למרוסיה באהבה	3985
חביב שאשא	1563
חבורת בימות	1494
חיילי הנקמה	3584
חדוה לוי	3669
חנן עבדה	7496
חיים זריהן	4524
חבורת אפי נצר	381
חופש	3872
חנוך רוזן	2872
חנן בן ארי	17593
חנה סנש	415
חגי מזרחי	4152
חמי גדסי	10535
חני דינור	4040
חנה יהאן פורוז	9427
חמי אושרי	6309
חבורת הזמר רוח מזרחית	4205
חיים קינן	402
טיפקס	429
טל שגב	433
טל מוסרי	2871
טרי פויזן	10595
טל גורדון	431
טנגו	436
טאטו	423
טריפונס	5344
טובה גרטנר	2929
טל סונדק	432
טל לופסקו	2905
טלי מיכאלי	4739
טוביה צפיר	5374
טלי פיין	5355
טליה	4937
טל ליהיא	8749
טוטובל	9406
טל וייס	6196
טל שחר	4176
טובה פורת	1902
טלי כץ	2794
טרוי	2248
טל ירדני	1324
טובה בן צבי	2250
טל ירמי	7566
טל פורר	2447
טל טולדנו	4258
טלי בן עמי	3154
טוביה טויג	3841
טובה פירון	4906
טליה שפירא	5134
טטיאנה	10042
טל מן	5096
טל בלכרוביץ	9731
טל פרי	7057
טלפלא	7026
טלי אשכולי	1720
טלי כהן	434
טולה	6954
טוביה שלונסקי	1141
טולי רביב	425
טלי מרכוס	10284
טלי שורק	435
טל יניב	3229
טוטו קוטוניו	424
טלי סלע	10425
טל הפטר	10010
טל רביב	9931
טאלאסיון פאנטליס	10051
טל בילו	8162
טלי וייץ	9122
טלי גורלי טוראל	7410
טל קרמן	10630
טל ירימי	9519
טל בר	10191
טילדה רג'ואן	5762
טל מעיין	1611
טל פדר	3279
טל בביצקי	5568
טל רונן	6307
יהודית רביץ	462
יוסי גיספן	498
יהודה פוליקר	459
יואב יצחק	472
יוני בלוך	1920
ישי לוי	559
יהורם גאון	465
יוסי בנאי	497
יפה ירקוני	539
יזהר אשדות	517
ירדנה ארזי	552
יגאל בשן	450
יהודה לוי	2457
יוסי עדן	1183
יהונתן גפן	464
יוני רכטר	489
ישראל בר און	10348
יהודה סעדו	4717
יציאת חירום	549
יפתי	615
ירמי קפלן	557
יוסי אזולאי	493
יונה וולך	487
יזהר כהן	518
יהודה עמיחי	458
יניב בן משיח	7239
ילדי הפסטיגל	2201
יצחק קלפטר	547
ילדות רעות	5333
יאיר זיו	1086
יאיר רוזנבלום	447
יורם טהרלב	513
יענקל'ה רוטבליט	528
יוסי מוסטקי	507
ירון כהן	553
יובל בנאי	479
יובל המבולבל	7953
יהלי סובול	468
יהונתן רוזן	4280
יעקב שוואקי	7740
יעל בר זוהר	1487
יוני רועה	488
יניב הראל	10082
יונתן רזאל	1917
יניב כהן	3596
יוסי אלפנט	494
יקיר ונה	7406
יעל לוי	527
יובל פרי	1547
יוסי גמזו	499
ישי לפידות	2038
יוניפלו	4922
יעל נעים	5483
יעל נחשון	5113
יובל לוריא	3951
יסמין לוי	3148
ישראל יצחקי	562
יחיאל מוהר	521
יהודית תמיר	463
יהודה עדר	2706
כוורת	563
כנסיית השכל	565
כלא 6	1045
כוכבי פסטיגל 2005	5007
כפיר עטיה	4305
כפיר אפשטיין	8154
כוכבי פסטיגל 2004	4171
כמו צועני	1284
כוכבי פסטיגל 2007	9357
כוכבי פסטיגל 2008	10525
כוכבות השמינייה	7152
כוכבי השמינייה	6977
כשניקו תתחיל לדבר	568
כהן את מושון	9815
כפיר אדרי	4786
כלא 6 סניקא'ס	2293
כברה קסאי	4441
כרמל אקמן	7064
כפיר בן ליש	3388
כיף התקוה הטובה	2392
כתם	2375
כמו חייל	6922
כרמון	3036
כח המחץ	5657
כוח ראסטה	8348
כרמל א-קפלה	8498
כרמל גבריאלוב	10304
כפיר אזרן	9606
כרמי שימרון	10628
כוכבה הררי	5305
כריסטו ניקולופוס	10530
כריס טנגארידיס	5321
כריסטיאן מורון	5745
כריסטוס ניקולופולוס	566
כהן	8879
כפיר שתיוי	5821
כיתת אומנות	10611
כפיר צפריר	18927
כפיר רימוך	11820
כפיר פבריק	12629
כריס אייזק	13717
כריסטיאן ברוהן	11521
כהן משה	18154
כריס מורנה	11483
כהן קארין	20458
כריסטוס דנטיס	19102
כרמית פסקל	22722
כרמית יעקובסון	13284
כרמית גבסו	16126
כרמי זיסאפל	11889
כנען שבתאי	16823
כריסטינה	22465
כריסטיאן קרלסון	11334
כהן אברהם דוד	17849
כריסטיאן דולמיס	17363
כרקוקלי	21556
כריסטוף	11460
כפיר עזרן	15570
כפיר סימן טוב	16428
כפיר לוי	15717
ליאור נרקיס	594
לאה גולדברג	572
"להקת הנח""ל"	578
לי בירן	10515
לי פישמן	2761
ליאור פרחי	596
להקת פיקוד דרום	584
להקת פיקוד מרכז	585
לוין קיפניס	587
ליאת בנאי	1446
לירון לב	3967
להקת חיל הים	580
לאה שבת	575
לידור יוספי	1211
להקת פיקוד צפון	586
להקת גייסות השריון	577
לירן טל	4187
להקת חיל האויר	579
להקת חיל חינוך	583
לה גרדיה	9372
לירז צ'רכי	376
ליאורה	598
ליאל קולט	1688
להקת שפתיים	1753
לירן נדל	1450
ליאור ייני	593
להקה רטורית	2578
לולה	588
לאה נאור	574
לאה לופטין	1996
"להקת מג""ב"	2386
להקת חיל התותחנים	582
להקת צופי תל אביב	1331
להקת שיר	2420
לימור עזריה	3625
ליאונרד כהן	3184
לירז אביטל	8494
ללדין	1055
לילה מלקוס	1604
לילך גליקסמן	3194
להקת פיקוד דיזינגוף	1073
ליאור אלבו	3333
ליטל	6108
ליאור מיארה	6356
ליאת יצחקי	2224
לימור עובד	4826
ליידי די	5591
להקת שלהבת	3399
לירז רחמין	2974
להקת יהושע	2825
ליאת אחירון	2191
לא איכפת להם	570
להקת הצופים	1330
ליאור טבת	3593
לימוזינה	10730
להקת גן עדן	3594
לוס כפרוס	8644
"להקות צה""ל המתחדשות"	576
ליאור דטאוקר	5236
לאה זלוטניק	4306
מירי מסיקה	4226
משה פרץ	3787
מוש בן ארי	1229
מושיק עפיה	623
מאיה בוסקילה	3153
משינה	686
מלי לוי	3173
מאיר אריאל	605
מתי כספי	688
מאיר בנאי	606
מוקי	620
מיכל אמדורסקי	639
מרגלית צנעני	666
מאור כהן	602
מרסדס בנד	3775
מוניקה סקס	617
מופע הארנבות של ד''ר קספר	618
מיקה קרני	644
מנחי ערוץ הילדים	2097
מטרופולין	4185
מורן אהרוני	5147
מיקי גבריאלוב	646
מייז	10629
מאיה רוטמן	6798
מומי לוי	6698
מנגו	2492
מיכאל גריילסאמר	9535
מורן גמליאל	2422
מורן קריטי	4689
מידד טסה	8123
מאיה אברהם	5065
מיה דגן	2656
מיכה שטרית	637
מירי אלוני	650
מזי כהן	624
משתתפי כוכב נולד 4	3303
מיכל ינאי	2139
משה כהן	682
מכבי תל אביב	4897
מלכת הפלקט	8513
משמרת הצניעות	3537
מני בגר	659
מירב פלדמן	9416
מרינה מקסימיליאן בלומין	6264
מקסים אור	3868
מאור פיניה	6894
משה להב	5013
מעיין	8851
משפחת תאקט	4672
מנחי אקזיט	3921
משתתפי המחזמר ספר הג'ונגל	3790
מישה קירקילן	4740
מרדכי בן דוד	3497
משה צדוק	684
מושיק מורציאנו	9671
מיקה שדה	3972
משה וילנסקי	680
מיכל טל	1099
מייקל לואיס	7153
משתתפי המחזמר הקוסם	7273
נינט טייב	2666
נעמי שמר	738
נורית גלרון	713
ניסו סימן טוב	3847
נתן אלתרמן	743
נתן יונתן	745
נתי לוי	742
נועם קניאל	710
ניבין	1536
ניסים סרוסי	726
ניסים גרמה	2329
נועה פראן	5037
נועה קירל	18493
ניקה	4431
ניסים מרי	4291
נוער שוליים	712
נקמת הטרקטור	1335
נעם רותם	711
נורית הירש	714
ניר רוזנבאום	3671
נתנאלה	747
נחצ'ה היימן	716
נתן זך	744
נמרוד שיקלר	736
נתן רביץ	10704
נושאי המגבעת	1844
נערות ריינס	6040
נחמה הנדל	718
ניר פרידמן	491
נתנאל	1514
נמרוד והבודדים	735
נימרוד לב	724
נירה רבינוביץ'	2157
נדב קדמון	7806
ניצה טרמין	2331
נעמה לוי	4785
נוריאל	4127
נתן כהן	746
ניצן קייקוב	4751
נועם פנחסוב	8142
נובמבר	3809
נושי פז	1949
נתן סלור	2106
נערי רפול	739
נטלי אלייב	6457
נופר מרדכייב	10377
ניר סנדץ'	1565
נריה חובב	741
נתנאל פרי	4864
נאור דיין	7898
נעליים	2020
נוי אלוש	7708
נשמה קרליבך	2324
נתן סבן	7766
נתן כהן	3754
נמרוד רשף	2189
נאוה מדינה	4436
נורית זרחי	715
נועם אקוטונס	4267
נתן דטנר	1711
ניקי גולדשטיין	5002
סינרגיה	3123
סטטיק ובן אל תבורי	18491
סאבלימינל	1118
סגיב כהן	2999
סאבלימינל והצל	749
סער בדישי	760
סיון שביט	754
סי היימן	753
סטלוס	4484
סוליקו	4572
סיון	2875
סקסטה	1191
סטלה מאריס	752
סשה ארגוב	762
סופי צדקה	3201
סשה גרישקוב	3973
סמיר שוקרי	1915
סמדר שיר	757
סיני תור	1684
סידי	7647
סגול 59	3132
סי. סי. קרטר	9043
סמי מיאלי	2103
סאני דהרי	4787
סימה עמר	5103
סינגפור	6073
סדנת שכונת התקוה	2239
סיון שטרית	7783
סהר חגי	6973
סגול	10322
ספיר דרמון	9646
סוזי מילר	2620
ספארי	10183
סדרני הדשא	4860
סיגל שחמון	3689
סרג' למה	3912
סטינג	4955
סנדי בר	4300
סוסיתא	5033
סרין	3835
סקסטה המחודשת	1890
סאני הייז	2585
סופה במדבר	3907
סיון ניר	7663
סימה לוי	756
סודוקו	5388
סימה עמיאל	4628
סוזי סרנגה	751
סטטיק ובן אל תבורי	18491
סטליוס קזנג'ידיס	2948
סולימן הגדול	6861
סלבאדור דאלי	8757
סמי אלמוגרבי	8689
ס. קויומדזיס	2915
סרז' גינזבורג	1985
סלימן בן חמו	2940
סולג'ה	9749
סיגל ששון חכם	6940
סימונה בונאר	5683
סיון שנהב	2621
סיון רהב	3192
סמי בירנבך	758
עדן חסון	13834
עדן בן זקן	16843
עומר אדם	10755
עברי לידר	764
עידן יניב	4858
עופרה חזה	820
עמיר בניון	802
עוזי חיטמן	778
עידן רייכל	1428
עופר לוי	783
עלמה זהר	10339
עדי כהן	3964
עמית פרקש	6697
עובדיה חממה	7586
ערן צור	823
עידן חביב	8853
עלי מוהר	791
עדן	768
עמית צח	421
ענבר ישראל	1592
עודד ארביב	4771
עפר בשן	1555
עמרי רוטברד	4774
עדי רן	766
עמוס ברזל	2421
עוזי פוקס	780
עדנה לב	770
עוד חוזר הניגון	337
עופר ניסים	1877
ערן סופר	1550
עודד מנשה	2192
עם אחד	4087
ענבל פרלמוטר	817
עידן משה	2408
עדי הימלבלוי	9623
עליזה עזיקרי	792
עינת אקר	6882
עדי מדנס	1622
עמית חיו	7648
עוזי מאירי	1426
עליזה אברג'יל	2888
עדנה גורן	769
עילי בוטנר	4727
עמית פרידמן	9613
עלמה זק	7137
עמוס אטינגר	793
עודד גדיר	4065
עופרה פוקס	786
עופר גולני	4281
ענת עצמון	819
עידו מוסרי	5383
עדן אמזלג	9072
עופר שכטר	3198
עדי כהן	9948
ע. הלל	763
עמי שביט	4612
עידן חיים דוד	4395
עידית אשל	2445
עמוס בן דוד	10448
עליזה קאשי	1237
עמיר חדד	8486
עופר סופר	4547
ענת שרים	1121
פבלו רוזנברג	1126
פיני חדד	832
פונץ'	826
פורטרט	827
פנצ'ר	2213
פישי הגדול	833
פיטר רוט	828
פופ אפ	6392
פוליאנה פרנק	1083
פיני טבגר	4604
פרחי ירושלים	4979
פארנויה	4901
פאנקייק	1044
פשוטי העם	10170
פרמיירה	840
פרוייקט הגומיה	2167
פרה קדושה	839
פינג פונג	830
פינה בעמק	831
פינק מרטיני	5366
פניה ברגשטיין	837
פאדי	4321
פול אנקה	4035
פנינה רוזנבלום	1075
פופיק ארנון	2957
פסיכופט צעיר	4303
פדריקו גרסיה לורקה	2434
פרדי דורא	4520
פופלקס	2712
פליקס אביטל	4470
פרדוקס	9568
פרח במדבר	2343
פול מקרטני	1866
פלפל אלמסרי	2604
פרננדו סיישס	4071
פלוטרכוס	7271
פאר טסי	7747
פאבלו	2535
פנחס שדה	836
פרדי ברק	4602
פייר דלנואה	5157
פול סימון	3736
פילוני	2091
פוצ'י אמנואל שטיינבאום	5265
פאריד אל אטרש	1827
פיזדה	2297
פנחס אריאל	3656
פיירו אומיליאני	2607
פניה וגמן שלונסקי	838
פיוטר מאמאייצ'וק	10472
פ.לסקובסקי	9511
פיני שדה	3598
פנינה אבני	1820
פיטר קלנדר	9634
פנינה בריק	2659
פיט סיגר	1186
פול דסאו	9637
פבלו דורנד	9580
פנינה מרגלית	5178
פיני ארונבייב	2876
צביקה פיק	843
צלילי הכרם	1262
ציפי שביט	848
ציון גולן	2522
צליל מכוון	850
צעירי תל אביב	1620
צוות פרפר נחמד	4196
צביקה הדר	1396
"צוות הווי של הנח""ל"	2958
צילה דגן	847
צוות בלי סודות	1850
ציפי משהיד	3971
צלילי העוד	2384
צמד רעים	2314
ציון אבדייב	6708
צרויה להב	853
צביקה אברהם	3867
צ'ולי זכאי	1662
צחי איטח	3246
צוות הווי חטיבת הצנחנים	581
צילי ינקו	8761
צוות שכונת חיים	3725
צוות הווי גולני	4516
צמד דרום	851
צ'ינו פרודקשן	5058
ציון ברוך	1651
צדי אור	1721
צלילי שבזי	4688
צוות הווי הנדסה קרבית	2466
צוות קרוסלה	3338
צוות פתוח	4764
צעירי באר שבע	1590
ציפי זרנקין	3454
צדוק יניב	3247
צוף פילוסוף	844
צוות הווי פיקוד ההדרכה	4209
צוות ניקוי ראש	6005
צח אגסי	9865
צמד ראות	4728
צמד שני שרים	8220
צחי נוי	3935
צוריאל צמח	9618
צוות הבונקר	7216
צוות הווי בני עקיבא	3832
ציון שרעבי	845
צדוק סביר	2012
צוות מלכת האמבטיה	2643
צוות ההצגה בת המלך	9206
צ'ולו אן טי טים	2299
צמד רוקט	5008
צעירי הוד השרון	4761
צוות אקזיט	4400
צעירי תמיר	9318
צמד דורון	9344
צבי בורודו	8233
צח חובב	10722
צמד הגיטרות	2404
צוות הסדרה האדומות	3440
צוות הווי תותחנים	1032
"צה""ל 84"	3652
קובי פרץ	1202
קרן פלס	4314
קובי אפללו	3706
קורין אלאל	862
קובי אוז	856
קרח תשע	865
קולומביה	4464
קובי פז	3515
קאשי	3789
קוקו	2184
קינדרלעך	4781
קרן אבראשי	5500
קרן לוי	3683
קרני פוסטל	2725
קפה שחור חזק	10400
קוואמי	4136
קנגרו	5140
קרוליין	9729
קובי רכט	861
קוביאשי פורצלן	3726
קובי אושרת	857
קזבלן	2649
קצת אחרת	864
קרולינה	5262
קרולין לנגפורד	7139
קסניה זמסקוב	4719
קרן הכט	2429
קוטג'	2454
קוב	2928
קובי לוריא	860
קנדוג	6716
קרן הדר	3256
קובי מחט	3857
קצה השדה	918
קורל	4893
קרן אן	3156
קטי אל חי	4477
קובי פרג'	3632
קולות שלובים	9209
קרן בק	3164
קייבי מארח את ירדן נקש	7926
קובי סביליה	4471
קרן שני	3161
קובי שטמברג	6385
קים	3673
קונסטנטין ואנשנקין	6943
קטיף	8999
קארל סבובודה	4182
קילר הלוהטת	5329
קולות גבעתיים	3160
קרן דוידוביץ'	4179
קרן פרידמן	7246
קיקלופ	2275
קירוקוס פפדופולוס	10527
קרקוקלי לירון	10351
קרול קינג	1799
קובי ויטמן	3612
קובי עדן	6542
קרין אופיר	3193
קדיש יהודה סילמן	1792
רוני	2964
ריטה	905
רמי קלינשטיין	920
רן דנקר	4123
רונה קינן	885
רגב הוד	2570
רמי פורטיס	915
רון שובל	884
רינת בר	1387
ריקי גל	909
רחל שפירא	904
רז חדד	5741
רונית שחר	891
רוקפור	896
רבקה זוהר	876
רונית אופיר	890
רפאל מירילא	2
רחל	901
ראובן המלאך	1436
רבי שלום שבזי	871
רוחמה רז	881
רותי נבון	898
רינת גבאי	2334
רובי לוי	3767
רפי פרסקי	1757
רוי אדרי	1171
רעיה אדמוני	3138
רבקה מיכאלי	877
רביד גואטה	1043
רמי דוידוף	7324
רונית רולנד	1137
רן אלירן	922
ריקה זראי	908
רם אוריון	911
ריצ'רץ'	2154
רות דולורס וייס	4407
רפאל דהאן	2772
רגב	3539
ריקי מנור	2742
רעש	926
רחלי וולשטיין	3649
ראובן ארז	2931
רביעיית מועדון התיאטרון	1046
רוני אחיאל	886
רמי פיינשטיין	7884
רונן דנוך	1320
רונית	3421
רועי ידיד	6878
רונית ראסטה	10605
רובי חן	2715
רועי לוי	9297
רחל אטס	1061
רוני אלטר	9152
רועי ימין	8878
רועי חיים זינר	4818
ריח מנטה	5022
רוני סומק	1164
רות גונזלס	9420
רפי נהרי	4497
רמי דנוך	2385
שירי מימון	2675
שלמה ארצי	975
שרית חדד	1015
שלום חנוך	960
שירלי לילו	3968
שלומי שבת	966
שלישיית מה קשור	1652
שי גבסו	2672
שימי תבורי	955
שושנה דמארי	945
שלומי שבן	965
שריף	1013
שוטי הנבואה	1255
שר אל	1694
שייגעצ	952
שלומי סרנגה	2916
שירה גבריאלוב	3769
שמעון בוסקילה	996
"שב""ק ס'"	934
שרון ליפשיץ	1009
שולי רנד	939
שלישיית גשר הירקון	971
שיר ביטון	4741
שורטי	3586
שלישיית המעפיל	972
שמוליק קראוס	994
שיקו חייק	1797
שלומי בראל	8937
שלמה גרוניך	980
שיר לוי	4503
שם טוב לוי	985
שרון חזיז	1008
שוקולד מנטה מסטיק	943
שי 360	2276
שלמה יידוב	982
שימי רון	954
שילה פרבר	410
שרון זריהן	1319
שולי נתן	938
שולה חן	937
שחר אבן צור	946
שרון הולצמן	1007
שרי	1012
שמה למה דינג דונג	2207
שבי בר	7742
ששי קשת	1016
שבע	935
שלומית אהרון	968
שירן מזרחי	3420
שאנן סטריט	933
שלי קהלני	9825
שרון קרלן	2678
"שב""ק מיוזיק"	4050
שי אוחיון	3640
שרונה פיק	2867
שמעון ישראלי	998
שרון מולדבי	1010
שרון רוטר	1537
שירלי צפרי	1736
שייקה לוי	600
תמיר גל	1264
תיסלם	1021
תומר יוסף	2749
תמיר סולטנה	1181
תמי פדרמן	7295
תומר חן	1020
תרצה אתר	1030
תמר שם אור	8547
תמר אייזנמן	5116
תיקי דיין	1911
תופעת דופלר	1039
תלמה אליגון רוז	1022
תום אבני	4676
תמיר חיטמן	4549
תערובת אסקוט	1028
תמר גלעדי	1263
תומר יראי	9959
תנועות הנוער	1355
תומר ממיה	5240
תל אביב הקטנה	1777
תמי אל	3871
תמי ענבר	5397
תנועת המרי	5268
תומר שרון	2914
תומר יונה	3401
תומר מתנה	9632
תומר חתוכה	10099
תקווה אסולן	4565
תמיר ידעי	2884
תום פטרובר	1018
תומר אלבז	2222
תומר בן אפרים	4163
תומר דדון	2186
תומר בירן	1019
תאמר נפאר	2300
תמר רוזנפלד	3071
תומר קינן	5448
תמר פרימור	4582
תלמידי בית צבי	10314
תושב חוזר	4343
תמי סטמרי	1388
תומר הדדי	4001
תמיר אלקיים	2881
תמיר אלברט	1026
תמי לוי	1025
תמי בן יהודה	1726
תומר עג'ם	1269
תמי חצרוני	1024
תרצה ברגל	2996
תזמורת הקיבוץ הארצי	3007
תמר רז	6885
תיאטרון המטאטא	6360
תהילה ימין	10698
תמיר קליסקי	1027
תום ספרינגפילד	3054
תמי ריצ'י	2379
תום פטי	3693
תזמורת סי.בי.אס.	2206
תומר גלר	5732
תומר אדם לנצינגר	10403
